,Survived,Pclass,Sex,Age,SibSp,Parch,Fare,Embarked,Fare_Tax,Food Charges,Luggage Charges
0,0,3,male,22,1,0,7.25,S,2.175,10.875,4.35
1,1,1,female,38,1,0,71.2833,C,21.38499,106.92495,42.76998
2,1,3,female,26,0,0,7.925,S,2.3775,11.8875,4.755
3,1,1,female,35,1,0,53.1,S,15.93,79.65,31.86
4,0,3,male,35,0,0,8.05,S,2.415,12.075,4.83
5,0,1,male,54,0,0,51.8625,S,15.55875,77.79375,31.1175
6,0,3,male,2,3,1,21.075,S,6.3225,31.6125,12.645
7,1,3,female,27,0,2,11.1333,S,3.33999,16.69995,6.67998
8,1,2,female,14,1,0,30.0708,C,9.02124,45.1062,18.04248
9,1,3,female,4,1,1,16.7,S,5.01,25.05,10.02
10,1,1,female,58,0,0,26.55,S,7.965,39.825,15.93
11,0,3,male,20,0,0,8.05,S,2.415,12.075,4.83
12,0,3,male,39,1,5,31.275,S,9.3825,46.9125,18.765
13,0,3,female,14,0,0,7.8542,S,2.35626,11.7813,4.71252
14,1,2,female,55,0,0,16,S,4.8,24,9.6
15,0,3,male,2,4,1,29.125,Q,8.7375,43.6875,17.475
16,0,3,female,31,1,0,18,S,5.4,27,10.8
17,0,2,male,35,0,0,26,S,7.8,39,15.6
18,1,2,male,34,0,0,13,S,3.9,19.5,7.8
19,1,3,female,15,0,0,8.0292,Q,2.40876,12.0438,4.81752
20,1,1,male,28,0,0,35.5,S,10.65,53.25,21.3
21,0,3,female,8,3,1,21.075,S,6.3225,31.6125,12.645
22,1,3,female,38,1,5,31.3875,S,9.41625,47.08125,18.8325
23,0,1,male,19,3,2,263,S,78.9,394.5,157.8
24,0,1,male,40,0,0,27.7208,C,8.31624,41.5812,16.63248
25,0,2,male,66,0,0,10.5,S,3.15,15.75,6.3
26,0,1,male,28,1,0,82.1708,C,24.65124,123.2562,49.30248
27,0,1,male,42,1,0,52,S,15.6,78,31.2
28,0,3,male,21,0,0,8.05,S,2.415,12.075,4.83
29,0,3,female,18,2,0,18,S,5.4,27,10.8
30,1,3,female,14,1,0,11.2417,C,3.37251,16.86255,6.74502
31,0,3,female,40,1,0,9.475,S,2.8425,14.2125,5.685
32,0,2,female,27,1,0,21,S,6.3,31.5,12.6
33,1,2,female,3,1,2,41.5792,C,12.47376,62.3688,24.94752
34,1,3,female,19,0,0,7.8792,Q,2.36376,11.8188,4.72752
35,0,3,female,18,1,0,17.8,S,5.34,26.7,10.68
36,0,3,male,7,4,1,39.6875,S,11.90625,59.53125,23.8125
37,0,3,male,21,0,0,7.8,S,2.34,11.7,4.68
38,1,1,female,49,1,0,76.7292,C,23.01876,115.0938,46.03752
39,1,2,female,29,1,0,26,S,7.8,39,15.6
40,0,1,male,65,0,1,61.9792,C,18.59376,92.9688,37.18752
41,1,2,female,21,0,0,10.5,S,3.15,15.75,6.3
42,0,3,male,28.5,0,0,7.2292,C,2.16876,10.8438,4.33752
43,1,2,female,5,1,2,27.75,S,8.325,41.625,16.65
44,0,3,male,11,5,2,46.9,S,14.07,70.35,28.14
45,0,3,male,22,0,0,7.2292,C,2.16876,10.8438,4.33752
46,0,1,male,45,1,0,83.475,S,25.0425,125.2125,50.085
47,0,3,male,4,3,2,27.9,S,8.37,41.85,16.74
48,1,2,female,29,0,0,10.5,S,3.15,15.75,6.3
49,0,3,male,19,0,0,8.1583,S,2.44749,12.23745,4.89498
50,1,3,female,17,4,2,7.925,S,2.3775,11.8875,4.755
51,0,3,male,26,2,0,8.6625,S,2.59875,12.99375,5.1975
52,0,2,male,32,0,0,10.5,S,3.15,15.75,6.3
53,0,3,female,16,5,2,46.9,S,14.07,70.35,28.14
54,0,2,male,21,0,0,73.5,S,22.05,110.25,44.1
55,0,3,male,26,1,0,14.4542,C,4.33626,21.6813,8.67252
56,1,3,male,32,0,0,56.4958,S,16.94874,84.7437,33.89748
57,0,3,male,25,0,0,7.65,S,2.295,11.475,4.59
58,1,2,male,0.83,0,2,29,S,8.7,43.5,17.4
59,1,3,female,30,0,0,12.475,S,3.7425,18.7125,7.485
60,0,3,male,22,0,0,9,S,2.7,13.5,5.4
61,1,3,male,29,0,0,9.5,S,2.85,14.25,5.7
62,0,1,male,28,0,0,47.1,S,14.13,70.65,28.26
63,1,2,female,17,0,0,10.5,S,3.15,15.75,6.3
64,1,3,female,33,3,0,15.85,S,4.755,23.775,9.51
65,0,3,male,16,1,3,34.375,S,10.3125,51.5625,20.625
66,1,1,female,23,3,2,263,S,78.9,394.5,157.8
67,0,3,male,24,0,0,8.05,S,2.415,12.075,4.83
68,0,3,male,29,0,0,8.05,S,2.415,12.075,4.83
69,0,3,male,20,0,0,7.8542,S,2.35626,11.7813,4.71252
70,0,1,male,46,1,0,61.175,S,18.3525,91.7625,36.705
71,0,3,male,26,1,2,20.575,S,6.1725,30.8625,12.345
72,0,3,male,59,0,0,7.25,S,2.175,10.875,4.35
73,0,1,male,71,0,0,34.6542,C,10.39626,51.9813,20.79252
74,1,1,male,23,0,1,63.3583,C,19.00749,95.03745,38.01498
75,1,2,female,34,0,1,23,S,6.9,34.5,13.8
76,0,2,male,34,1,0,26,S,7.8,39,15.6
77,0,3,female,28,0,0,7.8958,S,2.36874,11.8437,4.73748
78,0,1,male,21,0,1,77.2875,S,23.18625,115.93125,46.3725
79,0,3,male,33,0,0,8.6542,S,2.59626,12.9813,5.19252
80,0,3,male,37,2,0,7.925,S,2.3775,11.8875,4.755
81,0,3,male,28,0,0,7.8958,S,2.36874,11.8437,4.73748
82,1,3,female,21,0,0,7.65,S,2.295,11.475,4.59
83,0,3,male,38,0,0,7.8958,S,2.36874,11.8437,4.73748
84,0,1,male,47,0,0,52,S,15.6,78,31.2
85,0,3,female,14.5,1,0,14.4542,C,4.33626,21.6813,8.67252
86,0,3,male,22,0,0,8.05,S,2.415,12.075,4.83
87,0,3,female,20,1,0,9.825,S,2.9475,14.7375,5.895
88,0,3,female,17,0,0,14.4583,C,4.33749,21.68745,8.67498
89,0,3,male,21,0,0,7.925,S,2.3775,11.8875,4.755
90,0,3,male,70.5,0,0,7.75,Q,2.325,11.625,4.65
91,0,2,male,29,1,0,21,S,6.3,31.5,12.6
92,0,1,male,24,0,1,247.5208,C,74.25624,371.2812,148.51248
93,0,3,female,2,4,2,31.275,S,9.3825,46.9125,18.765
94,0,2,male,21,2,0,73.5,S,22.05,110.25,44.1
95,0,2,male,32.5,1,0,30.0708,C,9.02124,45.1062,18.04248
96,1,2,female,32.5,0,0,13,S,3.9,19.5,7.8
97,0,1,male,54,0,1,77.2875,S,23.18625,115.93125,46.3725
98,1,3,male,12,1,0,11.2417,C,3.37251,16.86255,6.74502
99,1,3,male,24,0,0,7.1417,S,2.14251,10.71255,4.28502
100,0,3,male,45,0,0,6.975,S,2.0925,10.4625,4.185
101,0,3,male,33,0,0,7.8958,C,2.36874,11.8437,4.73748
102,0,3,male,20,0,0,7.05,S,2.115,10.575,4.23
103,0,3,female,47,1,0,14.5,S,4.35,21.75,8.7
104,1,2,female,29,1,0,26,S,7.8,39,15.6
105,0,2,male,25,0,0,13,S,3.9,19.5,7.8
106,0,2,male,23,0,0,15.0458,C,4.51374,22.5687,9.02748
107,1,1,female,19,0,2,26.2833,S,7.88499,39.42495,15.76998
108,0,1,male,37,1,0,53.1,S,15.93,79.65,31.86
109,0,3,male,16,0,0,9.2167,S,2.76501,13.82505,5.53002
110,0,1,male,24,0,0,79.2,C,23.76,118.8,47.52
111,1,3,female,22,0,0,7.75,S,2.325,11.625,4.65
112,1,3,female,24,1,0,15.85,S,4.755,23.775,9.51
113,0,3,male,19,0,0,6.75,Q,2.025,10.125,4.05
114,0,2,male,18,0,0,11.5,S,3.45,17.25,6.9
115,0,2,male,19,1,1,36.75,S,11.025,55.125,22.05
116,1,3,male,27,0,0,7.7958,S,2.33874,11.6937,4.67748
117,0,3,female,9,2,2,34.375,S,10.3125,51.5625,20.625
118,0,2,male,36.5,0,2,26,S,7.8,39,15.6
119,0,2,male,42,0,0,13,S,3.9,19.5,7.8
120,0,2,male,51,0,0,12.525,S,3.7575,18.7875,7.515
121,1,1,female,22,1,0,66.6,S,19.98,99.9,39.96
122,0,3,male,55.5,0,0,8.05,S,2.415,12.075,4.83
123,0,3,male,40.5,0,2,14.5,S,4.35,21.75,8.7
124,0,1,male,51,0,1,61.3792,C,18.41376,92.0688,36.82752
125,1,3,female,16,0,0,7.7333,Q,2.31999,11.59995,4.63998
126,0,3,male,30,0,0,8.05,S,2.415,12.075,4.83
127,0,3,male,44,0,1,16.1,S,4.83,24.15,9.66
128,1,2,female,40,0,0,15.75,S,4.725,23.625,9.45
129,0,3,male,26,0,0,7.775,S,2.3325,11.6625,4.665
130,0,3,male,17,0,0,8.6625,S,2.59875,12.99375,5.1975
131,0,3,male,1,4,1,39.6875,S,11.90625,59.53125,23.8125
132,1,3,male,9,0,2,20.525,S,6.1575,30.7875,12.315
133,0,3,female,45,1,4,27.9,S,8.37,41.85,16.74
134,0,3,male,28,0,0,56.4958,S,16.94874,84.7437,33.89748
135,0,1,male,61,0,0,33.5,S,10.05,50.25,20.1
136,0,3,male,4,4,1,29.125,Q,8.7375,43.6875,17.475
137,1,3,female,1,1,1,11.1333,S,3.33999,16.69995,6.67998
138,0,3,male,21,0,0,7.925,S,2.3775,11.8875,4.755
139,0,1,male,56,0,0,30.6958,C,9.20874,46.0437,18.41748
140,0,3,male,18,1,1,7.8542,S,2.35626,11.7813,4.71252
141,0,1,female,50,0,0,28.7125,C,8.61375,43.06875,17.2275
142,0,2,male,30,0,0,13,S,3.9,19.5,7.8
143,0,3,male,36,0,0,0,S,0,0,0
144,0,3,male,9,4,2,31.3875,S,9.41625,47.08125,18.8325
145,1,2,male,1,2,1,39,S,11.7,58.5,23.4
146,1,3,female,4,0,2,22.025,S,6.6075,33.0375,13.215
147,1,1,male,45,0,0,26.55,S,7.965,39.825,15.93
148,0,3,male,40,1,1,15.5,Q,4.65,23.25,9.3
149,0,3,male,36,0,0,7.8958,S,2.36874,11.8437,4.73748
150,1,2,female,32,0,0,13,S,3.9,19.5,7.8
151,0,2,male,19,0,0,13,S,3.9,19.5,7.8
152,1,3,female,19,1,0,7.8542,S,2.35626,11.7813,4.71252
153,1,2,male,3,1,1,26,S,7.8,39,15.6
154,1,1,female,44,0,0,27.7208,C,8.31624,41.5812,16.63248
155,1,1,female,58,0,0,146.5208,C,43.95624,219.7812,87.91248
156,0,3,male,42,0,1,8.4042,S,2.52126,12.6063,5.04252
157,0,2,female,24,0,0,13,S,3.9,19.5,7.8
158,0,3,male,28,0,0,9.5,S,2.85,14.25,5.7
159,0,3,male,34,0,0,6.4958,S,1.94874,9.7437,3.89748
160,0,3,male,45.5,0,0,7.225,C,2.1675,10.8375,4.335
161,1,3,male,18,0,0,8.05,S,2.415,12.075,4.83
162,0,3,female,2,0,1,10.4625,S,3.13875,15.69375,6.2775
163,0,3,male,32,1,0,15.85,S,4.755,23.775,9.51
164,1,3,male,26,0,0,18.7875,C,5.63625,28.18125,11.2725
165,1,3,female,16,0,0,7.75,Q,2.325,11.625,4.65
166,1,1,male,40,0,0,31,C,9.3,46.5,18.6
167,0,3,male,24,0,0,7.05,S,2.115,10.575,4.23
168,1,2,female,35,0,0,21,S,6.3,31.5,12.6
169,0,3,male,22,0,0,7.25,S,2.175,10.875,4.35
170,0,2,male,30,0,0,13,S,3.9,19.5,7.8
171,1,1,female,31,1,0,113.275,C,33.9825,169.9125,67.965
172,1,3,female,27,0,0,7.925,S,2.3775,11.8875,4.755
173,0,2,male,42,1,0,27,S,8.1,40.5,16.2
174,1,1,female,32,0,0,76.2917,C,22.88751,114.43755,45.77502
175,0,2,male,30,0,0,10.5,S,3.15,15.75,6.3
176,1,3,male,16,0,0,8.05,S,2.415,12.075,4.83
177,0,2,male,27,0,0,13,S,3.9,19.5,7.8
178,0,3,male,51,0,0,8.05,S,2.415,12.075,4.83
179,1,1,male,38,1,0,90,S,27,135,54
180,0,3,male,22,0,0,9.35,S,2.805,14.025,5.61
181,1,2,male,19,0,0,10.5,S,3.15,15.75,6.3
182,0,3,male,20.5,0,0,7.25,S,2.175,10.875,4.35
183,0,2,male,18,0,0,13,S,3.9,19.5,7.8
184,1,1,female,35,1,0,83.475,S,25.0425,125.2125,50.085
185,0,3,male,29,0,0,7.775,S,2.3325,11.6625,4.665
186,0,2,male,59,0,0,13.5,S,4.05,20.25,8.1
187,1,3,female,5,4,2,31.3875,S,9.41625,47.08125,18.8325
188,0,2,male,24,0,0,10.5,S,3.15,15.75,6.3
189,0,2,male,44,1,0,26,S,7.8,39,15.6
190,1,2,female,8,0,2,26.25,S,7.875,39.375,15.75
191,0,2,male,19,0,0,10.5,S,3.15,15.75,6.3
192,0,2,male,33,0,0,12.275,S,3.6825,18.4125,7.365
193,0,2,male,29,0,0,10.5,S,3.15,15.75,6.3
194,0,3,male,22,0,0,7.125,S,2.1375,10.6875,4.275
195,0,3,male,30,0,0,7.225,C,2.1675,10.8375,4.335
196,0,1,male,44,2,0,90,Q,27,135,54
197,0,3,female,25,0,0,7.775,S,2.3325,11.6625,4.665
198,1,2,female,24,0,2,14.5,S,4.35,21.75,8.7
199,1,1,male,37,1,1,52.5542,S,15.76626,78.8313,31.53252
200,0,2,male,54,1,0,26,S,7.8,39,15.6
201,0,3,female,29,1,1,10.4625,S,3.13875,15.69375,6.2775
202,0,1,male,62,0,0,26.55,S,7.965,39.825,15.93
203,0,3,male,30,1,0,16.1,S,4.83,24.15,9.66
204,0,3,female,41,0,2,20.2125,S,6.06375,30.31875,12.1275
205,1,3,female,29,0,2,15.2458,C,4.57374,22.8687,9.14748
206,1,1,female,30,0,0,86.5,S,25.95,129.75,51.9
207,1,1,female,35,0,0,512.3292,C,153.69876,768.4938,307.39752
208,1,2,female,50,0,1,26,S,7.8,39,15.6
209,1,3,male,3,4,2,31.3875,S,9.41625,47.08125,18.8325
210,0,1,male,52,1,1,79.65,S,23.895,119.475,47.79
211,0,1,male,40,0,0,0,S,0,0,0
212,0,2,male,36,0,0,10.5,S,3.15,15.75,6.3
213,0,3,male,16,4,1,39.6875,S,11.90625,59.53125,23.8125
214,1,3,male,25,1,0,7.775,S,2.3325,11.6625,4.665
215,1,1,female,58,0,1,153.4625,S,46.03875,230.19375,92.0775
216,1,1,female,35,0,0,135.6333,S,40.68999,203.44995,81.37998
217,1,3,male,25,0,0,0,S,0,0,0
218,1,2,female,41,0,1,19.5,S,5.85,29.25,11.7
219,0,1,male,37,0,1,29.7,C,8.91,44.55,17.82
220,1,1,female,63,1,0,77.9583,S,23.38749,116.93745,46.77498
221,0,3,female,45,0,0,7.75,S,2.325,11.625,4.65
222,0,3,male,7,4,1,29.125,Q,8.7375,43.6875,17.475
223,1,3,female,35,1,1,20.25,S,6.075,30.375,12.15
224,0,3,male,65,0,0,7.75,Q,2.325,11.625,4.65
225,0,3,male,28,0,0,7.8542,S,2.35626,11.7813,4.71252
226,0,3,male,16,0,0,9.5,S,2.85,14.25,5.7
227,1,3,male,19,0,0,8.05,S,2.415,12.075,4.83
228,0,3,male,33,0,0,8.6625,C,2.59875,12.99375,5.1975
229,1,3,male,30,0,0,9.5,S,2.85,14.25,5.7
230,0,3,male,22,0,0,7.8958,S,2.36874,11.8437,4.73748
231,1,2,male,42,0,0,13,S,3.9,19.5,7.8
232,1,3,female,22,0,0,7.75,Q,2.325,11.625,4.65
233,1,1,female,26,0,0,78.85,S,23.655,118.275,47.31
234,1,1,female,19,1,0,91.0792,C,27.32376,136.6188,54.64752
235,0,2,male,36,0,0,12.875,C,3.8625,19.3125,7.725
236,0,3,female,24,0,0,8.85,S,2.655,13.275,5.31
237,0,3,male,24,0,0,7.8958,S,2.36874,11.8437,4.73748
238,0,3,male,23.5,0,0,7.2292,C,2.16876,10.8438,4.33752
239,0,1,female,2,1,2,151.55,S,45.465,227.325,90.93
240,1,1,female,50,0,1,247.5208,C,74.25624,371.2812,148.51248
241,0,3,male,19,0,0,0,S,0,0,0
242,1,1,male,0.92,1,2,151.55,S,45.465,227.325,90.93
243,1,1,female,17,1,0,108.9,C,32.67,163.35,65.34
244,0,2,male,30,1,0,24,C,7.2,36,14.4
245,1,1,female,30,0,0,56.9292,C,17.07876,85.3938,34.15752
246,1,1,female,24,0,0,83.1583,C,24.94749,124.73745,49.89498
247,1,1,female,18,2,2,262.375,C,78.7125,393.5625,157.425
248,0,2,female,26,1,1,26,S,7.8,39,15.6
249,0,3,male,28,0,0,7.8958,S,2.36874,11.8437,4.73748
250,0,2,male,43,1,1,26.25,S,7.875,39.375,15.75
251,1,3,female,26,0,0,7.8542,S,2.35626,11.7813,4.71252
252,1,2,female,24,1,0,26,S,7.8,39,15.6
253,0,2,male,54,0,0,14,S,4.2,21,8.4
254,1,1,female,31,0,2,164.8667,S,49.46001,247.30005,98.92002
255,1,1,female,40,1,1,134.5,C,40.35,201.75,80.7
256,0,3,male,22,0,0,7.25,S,2.175,10.875,4.35
257,0,3,male,27,0,0,7.8958,S,2.36874,11.8437,4.73748
258,1,2,female,30,0,0,12.35,Q,3.705,18.525,7.41
259,1,2,female,22,1,1,29,S,8.7,43.5,17.4
260,1,1,female,36,0,0,135.6333,C,40.68999,203.44995,81.37998
261,0,3,male,61,0,0,6.2375,S,1.87125,9.35625,3.7425
262,1,2,female,36,0,0,13,S,3.9,19.5,7.8
263,1,3,female,31,1,1,20.525,S,6.1575,30.7875,12.315
264,1,1,female,16,0,1,57.9792,C,17.39376,86.9688,34.78752
265,0,1,male,45.5,0,0,28.5,S,8.55,42.75,17.1
266,0,1,male,38,0,1,153.4625,S,46.03875,230.19375,92.0775
267,0,3,male,16,2,0,18,S,5.4,27,10.8
268,0,1,male,29,1,0,66.6,S,19.98,99.9,39.96
269,1,1,female,41,0,0,134.5,C,40.35,201.75,80.7
270,1,3,male,45,0,0,8.05,S,2.415,12.075,4.83
271,0,1,male,45,0,0,35.5,S,10.65,53.25,21.3
272,1,2,male,2,1,1,26,S,7.8,39,15.6
273,1,1,female,24,3,2,263,S,78.9,394.5,157.8
274,0,2,male,28,0,0,13,S,3.9,19.5,7.8
275,0,2,male,25,0,0,13,S,3.9,19.5,7.8
276,0,2,male,36,0,0,13,S,3.9,19.5,7.8
277,1,2,female,24,0,0,13,S,3.9,19.5,7.8
278,1,2,female,40,0,0,13,S,3.9,19.5,7.8
279,1,3,male,3,1,1,15.9,S,4.77,23.85,9.54
280,0,3,male,42,0,0,8.6625,S,2.59875,12.99375,5.1975
281,0,3,male,23,0,0,9.225,S,2.7675,13.8375,5.535
282,0,3,male,15,1,1,7.2292,C,2.16876,10.8438,4.33752
283,0,3,male,25,1,0,17.8,S,5.34,26.7,10.68
284,0,3,male,28,0,0,9.5,S,2.85,14.25,5.7
285,1,1,female,22,0,1,55,S,16.5,82.5,33
286,0,2,female,38,0,0,13,S,3.9,19.5,7.8
287,0,3,male,40,1,4,27.9,S,8.37,41.85,16.74
288,0,2,male,29,1,0,27.7208,C,8.31624,41.5812,16.63248
289,0,3,female,45,0,1,14.4542,C,4.33626,21.6813,8.67252
290,0,3,male,35,0,0,7.05,S,2.115,10.575,4.23
291,0,3,male,30,0,0,7.25,S,2.175,10.875,4.35
292,1,1,female,60,1,0,75.25,C,22.575,112.875,45.15
293,1,1,female,24,0,0,69.3,C,20.79,103.95,41.58
294,1,1,male,25,1,0,55.4417,C,16.63251,83.16255,33.26502
295,0,3,male,18,1,0,6.4958,S,1.94874,9.7437,3.89748
296,0,3,male,19,0,0,8.05,S,2.415,12.075,4.83
297,0,1,male,22,0,0,135.6333,C,40.68999,203.44995,81.37998
298,0,3,female,3,3,1,21.075,S,6.3225,31.6125,12.645
299,1,3,female,22,0,0,7.25,S,2.175,10.875,4.35
300,0,1,male,27,0,2,211.5,C,63.45,317.25,126.9
301,0,3,male,20,0,0,4.0125,C,1.20375,6.01875,2.4075
302,0,3,male,19,0,0,7.775,S,2.3325,11.6625,4.665
303,1,1,female,42,0,0,227.525,C,68.2575,341.2875,136.515
304,1,3,female,1,0,2,15.7417,C,4.72251,23.61255,9.44502
305,0,3,male,32,0,0,7.925,S,2.3775,11.8875,4.755
306,1,1,female,35,1,0,52,S,15.6,78,31.2
307,0,2,male,18,0,0,73.5,S,22.05,110.25,44.1
308,0,3,male,1,5,2,46.9,S,14.07,70.35,28.14
309,1,2,female,36,0,0,13,S,3.9,19.5,7.8
310,1,2,female,17,0,0,12,C,3.6,18,7.2
311,1,1,male,36,1,2,120,S,36,180,72
312,1,3,male,21,0,0,7.7958,S,2.33874,11.6937,4.67748
313,0,3,male,28,2,0,7.925,S,2.3775,11.8875,4.755
314,1,1,female,23,1,0,113.275,C,33.9825,169.9125,67.965
315,1,3,female,24,0,2,16.7,S,5.01,25.05,10.02
316,0,3,male,22,0,0,7.7958,S,2.33874,11.6937,4.67748
317,0,3,female,31,0,0,7.8542,S,2.35626,11.7813,4.71252
318,0,2,male,46,0,0,26,S,7.8,39,15.6
319,0,2,male,23,0,0,10.5,S,3.15,15.75,6.3
320,1,2,female,28,0,0,12.65,S,3.795,18.975,7.59
321,1,3,male,39,0,0,7.925,S,2.3775,11.8875,4.755
322,0,3,male,26,0,0,8.05,S,2.415,12.075,4.83
323,0,3,female,21,1,0,9.825,S,2.9475,14.7375,5.895
324,0,3,male,28,1,0,15.85,S,4.755,23.775,9.51
325,0,3,female,20,0,0,8.6625,S,2.59875,12.99375,5.1975
326,0,2,male,34,1,0,21,S,6.3,31.5,12.6
327,0,3,male,51,0,0,7.75,S,2.325,11.625,4.65
328,1,2,male,3,1,1,18.75,S,5.625,28.125,11.25
329,0,3,male,21,0,0,7.775,S,2.3325,11.6625,4.665
330,1,1,female,33,1,0,90,Q,27,135,54
331,1,3,male,44,0,0,7.925,S,2.3775,11.8875,4.755
332,1,2,female,34,1,1,32.5,S,9.75,48.75,19.5
333,1,2,female,18,0,2,13,S,3.9,19.5,7.8
334,0,2,male,30,0,0,13,S,3.9,19.5,7.8
335,0,3,female,10,0,2,24.15,S,7.245,36.225,14.49
336,0,3,male,21,0,0,7.7333,Q,2.31999,11.59995,4.63998
337,0,3,male,29,0,0,7.875,S,2.3625,11.8125,4.725
338,0,3,female,28,1,1,14.4,S,4.32,21.6,8.64
339,0,3,male,18,1,1,20.2125,S,6.06375,30.31875,12.1275
340,1,2,female,28,1,0,26,S,7.8,39,15.6
341,1,2,female,19,0,0,26,S,7.8,39,15.6
342,1,3,male,32,0,0,8.05,S,2.415,12.075,4.83
343,1,1,male,28,0,0,26.55,S,7.965,39.825,15.93
344,1,2,female,42,1,0,26,S,7.8,39,15.6
345,0,3,male,17,0,0,7.125,S,2.1375,10.6875,4.275
346,0,1,male,50,1,0,55.9,S,16.77,83.85,33.54
347,1,1,female,14,1,2,120,S,36,180,72
348,0,3,female,21,2,2,34.375,S,10.3125,51.5625,20.625
349,1,2,female,24,2,3,18.75,S,5.625,28.125,11.25
350,0,1,male,64,1,4,263,S,78.9,394.5,157.8
351,0,2,male,31,0,0,10.5,S,3.15,15.75,6.3
352,1,2,female,45,1,1,26.25,S,7.875,39.375,15.75
353,0,3,male,20,0,0,9.5,S,2.85,14.25,5.7
354,0,3,male,25,1,0,7.775,S,2.3325,11.6625,4.665
355,1,2,female,28,0,0,13,S,3.9,19.5,7.8
356,1,1,male,4,0,2,81.8583,S,24.55749,122.78745,49.11498
357,1,2,female,13,0,1,19.5,S,5.85,29.25,11.7
358,1,1,male,34,0,0,26.55,S,7.965,39.825,15.93
359,1,3,female,5,2,1,19.2583,C,5.77749,28.88745,11.55498
360,1,1,male,52,0,0,30.5,S,9.15,45.75,18.3
361,0,2,male,36,1,2,27.75,S,8.325,41.625,16.65
362,0,1,male,30,0,0,27.75,C,8.325,41.625,16.65
363,1,1,male,49,1,0,89.1042,C,26.73126,133.6563,53.46252
364,1,3,male,29,0,0,7.8958,C,2.36874,11.8437,4.73748
365,0,1,male,65,0,0,26.55,S,7.965,39.825,15.93
366,1,2,female,50,0,0,10.5,S,3.15,15.75,6.3
367,1,1,male,48,0,0,26.55,S,7.965,39.825,15.93
368,0,3,male,34,0,0,8.05,S,2.415,12.075,4.83
369,0,1,male,47,0,0,38.5,S,11.55,57.75,23.1
370,0,2,male,48,0,0,13,S,3.9,19.5,7.8
371,0,3,male,38,0,0,7.05,S,2.115,10.575,4.23
372,0,1,male,56,0,0,26.55,S,7.965,39.825,15.93
373,1,3,female,0.75,2,1,19.2583,C,5.77749,28.88745,11.55498
374,0,3,male,38,0,0,8.6625,S,2.59875,12.99375,5.1975
375,1,2,female,33,1,2,27.75,S,8.325,41.625,16.65
376,1,2,female,23,0,0,13.7917,C,4.13751,20.68755,8.27502
377,0,3,female,22,0,0,9.8375,S,2.95125,14.75625,5.9025
378,0,2,male,34,1,0,21,S,6.3,31.5,12.6
379,0,3,male,29,1,0,7.0458,S,2.11374,10.5687,4.22748
380,0,3,male,22,0,0,7.5208,S,2.25624,11.2812,4.51248
381,1,3,female,2,0,1,12.2875,S,3.68625,18.43125,7.3725
382,0,3,male,9,5,2,46.9,S,14.07,70.35,28.14
383,0,3,male,50,0,0,8.05,S,2.415,12.075,4.83
384,1,3,female,63,0,0,9.5875,S,2.87625,14.38125,5.7525
385,1,1,male,25,1,0,91.0792,C,27.32376,136.6188,54.64752
386,1,1,female,35,1,0,90,S,27,135,54
387,0,1,male,58,0,0,29.7,C,8.91,44.55,17.82
388,0,3,male,30,0,0,8.05,S,2.415,12.075,4.83
389,1,3,male,9,1,1,15.9,S,4.77,23.85,9.54
390,0,3,male,21,0,0,7.25,S,2.175,10.875,4.35
391,0,1,male,55,0,0,30.5,S,9.15,45.75,18.3
392,0,1,male,71,0,0,49.5042,C,14.85126,74.2563,29.70252
393,0,3,male,21,0,0,8.05,S,2.415,12.075,4.83
394,1,1,female,54,1,0,78.2667,C,23.48001,117.40005,46.96002
395,0,1,female,25,1,2,151.55,S,45.465,227.325,90.93
396,0,3,male,24,0,0,7.7958,S,2.33874,11.6937,4.67748
397,0,3,male,17,0,0,8.6625,S,2.59875,12.99375,5.1975
398,0,3,female,21,0,0,7.75,Q,2.325,11.625,4.65
399,0,3,female,37,0,0,9.5875,S,2.87625,14.38125,5.7525
400,1,1,female,16,0,0,86.5,S,25.95,129.75,51.9
401,0,1,male,18,1,0,108.9,C,32.67,163.35,65.34
402,1,2,female,33,0,2,26,S,7.8,39,15.6
403,0,3,male,28,0,0,22.525,S,6.7575,33.7875,13.515
404,1,3,male,26,0,0,56.4958,S,16.94874,84.7437,33.89748
405,1,3,male,29,0,0,7.75,Q,2.325,11.625,4.65
406,1,1,male,36,0,0,26.2875,S,7.88625,39.43125,15.7725
407,1,1,female,54,1,0,59.4,C,17.82,89.1,35.64
408,0,3,male,24,0,0,7.4958,S,2.24874,11.2437,4.49748
409,0,1,male,47,0,0,34.0208,S,10.20624,51.0312,20.41248
410,1,2,female,34,0,0,10.5,S,3.15,15.75,6.3
411,1,2,female,36,1,0,26,S,7.8,39,15.6
412,0,3,male,32,0,0,7.8958,S,2.36874,11.8437,4.73748
413,1,1,female,30,0,0,93.5,S,28.05,140.25,56.1
414,0,3,male,22,0,0,7.8958,S,2.36874,11.8437,4.73748
415,1,1,female,44,0,1,57.9792,C,17.39376,86.9688,34.78752
416,0,3,male,40.5,0,0,7.75,Q,2.325,11.625,4.65
417,1,2,female,50,0,0,10.5,S,3.15,15.75,6.3
418,0,3,male,39,0,0,7.925,S,2.3775,11.8875,4.755
419,0,2,male,23,2,1,11.5,S,3.45,17.25,6.9
420,1,2,female,2,1,1,26,S,7.8,39,15.6
421,0,3,male,17,1,1,7.2292,C,2.16876,10.8438,4.33752
422,0,3,female,30,0,0,8.6625,S,2.59875,12.99375,5.1975
423,1,2,female,7,0,2,26.25,S,7.875,39.375,15.75
424,0,1,male,45,0,0,26.55,S,7.965,39.825,15.93
425,1,1,female,30,0,0,106.425,C,31.9275,159.6375,63.855
426,1,1,female,22,0,2,49.5,C,14.85,74.25,29.7
427,1,1,female,36,0,2,71,S,21.3,106.5,42.6
428,0,3,female,9,4,2,31.275,S,9.3825,46.9125,18.765
429,0,3,female,11,4,2,31.275,S,9.3825,46.9125,18.765
430,1,2,male,32,1,0,26,S,7.8,39,15.6
431,0,1,male,50,1,0,106.425,C,31.9275,159.6375,63.855
432,0,1,male,64,0,0,26,S,7.8,39,15.6
433,1,2,female,19,1,0,26,S,7.8,39,15.6
434,0,3,male,33,1,1,20.525,S,6.1575,30.7875,12.315
435,1,2,male,8,1,1,36.75,S,11.025,55.125,22.05
436,1,1,male,17,0,2,110.8833,C,33.26499,166.32495,66.52998
437,0,2,male,27,0,0,26,S,7.8,39,15.6
438,1,3,male,22,0,0,7.225,C,2.1675,10.8375,4.335
439,1,3,female,22,0,0,7.775,S,2.3325,11.6625,4.665
440,0,1,male,62,0,0,26.55,S,7.965,39.825,15.93
441,1,1,female,48,1,0,39.6,C,11.88,59.4,23.76
442,1,1,female,39,1,1,79.65,S,23.895,119.475,47.79
443,1,3,female,36,1,0,17.4,S,5.22,26.1,10.44
444,0,3,male,40,0,0,7.8958,S,2.36874,11.8437,4.73748
445,0,2,male,28,0,0,13.5,S,4.05,20.25,8.1
446,0,3,male,24,2,0,24.15,S,7.245,36.225,14.49
447,0,3,male,19,0,0,7.8958,S,2.36874,11.8437,4.73748
448,0,3,female,29,0,4,21.075,S,6.3225,31.6125,12.645
449,1,3,male,32,0,0,7.8542,S,2.35626,11.7813,4.71252
450,1,2,male,62,0,0,10.5,S,3.15,15.75,6.3
451,1,1,female,53,2,0,51.4792,S,15.44376,77.2188,30.88752
452,1,1,male,36,0,0,26.3875,S,7.91625,39.58125,15.8325
453,0,3,male,16,0,0,8.05,S,2.415,12.075,4.83
454,0,3,male,19,0,0,14.5,S,4.35,21.75,8.7
455,1,2,female,34,0,0,13,S,3.9,19.5,7.8
456,1,1,female,39,1,0,55.9,S,16.77,83.85,33.54
457,1,3,male,32,0,0,7.925,S,2.3775,11.8875,4.755
458,1,2,female,25,1,1,30,S,9,45,18
459,1,1,female,39,1,1,110.8833,C,33.26499,166.32495,66.52998
460,0,2,male,54,0,0,26,S,7.8,39,15.6
461,0,1,male,36,0,0,40.125,C,12.0375,60.1875,24.075
462,1,1,female,18,0,2,79.65,S,23.895,119.475,47.79
463,0,2,male,47,0,0,15,S,4.5,22.5,9
464,1,1,male,60,1,1,79.2,C,23.76,118.8,47.52
465,0,3,male,22,0,0,8.05,S,2.415,12.075,4.83
466,0,3,male,35,0,0,7.125,S,2.1375,10.6875,4.275
467,1,1,female,52,1,0,78.2667,C,23.48001,117.40005,46.96002
468,0,3,male,47,0,0,7.25,S,2.175,10.875,4.35
469,0,2,male,37,1,0,26,S,7.8,39,15.6
470,0,3,male,36,1,1,24.15,S,7.245,36.225,14.49
471,0,3,male,49,0,0,0,S,0,0,0
472,1,1,male,49,1,0,56.9292,C,17.07876,85.3938,34.15752
473,1,2,female,24,2,1,27,S,8.1,40.5,16.2
474,0,3,male,44,0,0,8.05,S,2.415,12.075,4.83
475,1,1,male,35,0,0,26.55,C,7.965,39.825,15.93
476,0,3,male,36,1,0,15.55,S,4.665,23.325,9.33
477,0,3,male,30,0,0,7.8958,S,2.36874,11.8437,4.73748
478,1,1,male,27,0,0,30.5,S,9.15,45.75,18.3
479,1,2,female,22,1,2,41.5792,C,12.47376,62.3688,24.94752
480,1,1,female,40,0,0,153.4625,S,46.03875,230.19375,92.0775
481,0,3,female,39,1,5,31.275,S,9.3825,46.9125,18.765
482,0,3,male,35,0,0,8.05,S,2.415,12.075,4.83
483,1,2,female,24,1,2,65,S,19.5,97.5,39
484,0,3,male,34,1,1,14.4,S,4.32,21.6,8.64
485,0,3,female,26,1,0,16.1,S,4.83,24.15,9.66
486,1,2,female,4,2,1,39,S,11.7,58.5,23.4
487,0,2,male,26,0,0,10.5,S,3.15,15.75,6.3
488,0,3,male,27,1,0,14.4542,C,4.33626,21.6813,8.67252
489,1,1,male,42,1,0,52.5542,S,15.76626,78.8313,31.53252
490,1,3,male,20,1,1,15.7417,C,4.72251,23.61255,9.44502
491,0,3,male,21,0,0,7.8542,S,2.35626,11.7813,4.71252
492,0,3,male,21,0,0,16.1,S,4.83,24.15,9.66
493,0,1,male,61,0,0,32.3208,S,9.69624,48.4812,19.39248
494,0,2,male,57,0,0,12.35,Q,3.705,18.525,7.41
495,1,1,female,21,0,0,77.9583,S,23.38749,116.93745,46.77498
496,0,3,male,26,0,0,7.8958,S,2.36874,11.8437,4.73748
497,1,1,male,80,0,0,30,S,9,45,18
498,0,3,male,51,0,0,7.0542,S,2.11626,10.5813,4.23252
499,1,1,male,32,0,0,30.5,C,9.15,45.75,18.3
500,0,3,female,9,3,2,27.9,S,8.37,41.85,16.74
501,1,2,female,28,0,0,13,S,3.9,19.5,7.8
502,0,3,male,32,0,0,7.925,S,2.3775,11.8875,4.755
503,0,2,male,31,1,1,26.25,S,7.875,39.375,15.75
504,0,3,female,41,0,5,39.6875,S,11.90625,59.53125,23.8125
505,0,3,male,20,0,0,7.8542,S,2.35626,11.7813,4.71252
506,1,1,female,24,0,0,69.3,C,20.79,103.95,41.58
507,0,3,female,2,3,2,27.9,S,8.37,41.85,16.74
508,1,3,female,0.75,2,1,19.2583,C,5.77749,28.88745,11.55498
509,1,1,male,48,1,0,76.7292,C,23.01876,115.0938,46.03752
510,0,3,male,19,0,0,7.8958,S,2.36874,11.8437,4.73748
511,1,1,male,56,0,0,35.5,C,10.65,53.25,21.3
512,1,3,female,23,0,0,7.55,S,2.265,11.325,4.53
513,1,2,female,18,0,1,23,S,6.9,34.5,13.8
514,0,3,male,21,0,0,8.4333,S,2.52999,12.64995,5.05998
515,0,3,female,18,0,0,6.75,Q,2.025,10.125,4.05
516,0,2,male,24,2,0,73.5,S,22.05,110.25,44.1
517,0,3,female,32,1,1,15.5,Q,4.65,23.25,9.3
518,0,2,male,23,0,0,13,S,3.9,19.5,7.8
519,0,1,male,58,0,2,113.275,C,33.9825,169.9125,67.965
520,1,1,male,50,2,0,133.65,S,40.095,200.475,80.19
521,0,3,male,40,0,0,7.225,C,2.1675,10.8375,4.335
522,0,1,male,47,0,0,25.5875,S,7.67625,38.38125,15.3525
523,0,3,male,36,0,0,7.4958,S,2.24874,11.2437,4.49748
524,1,3,male,20,1,0,7.925,S,2.3775,11.8875,4.755
525,0,2,male,32,2,0,73.5,S,22.05,110.25,44.1
526,0,2,male,25,0,0,13,S,3.9,19.5,7.8
527,0,3,male,43,0,0,8.05,S,2.415,12.075,4.83
528,1,2,female,40,1,1,39,S,11.7,58.5,23.4
529,0,1,male,31,1,0,52,S,15.6,78,31.2
530,0,2,male,70,0,0,10.5,S,3.15,15.75,6.3
531,1,2,male,31,0,0,13,S,3.9,19.5,7.8
532,0,3,male,18,0,0,7.775,S,2.3325,11.6625,4.665
533,0,3,male,24.5,0,0,8.05,S,2.415,12.075,4.83
534,1,3,female,18,0,0,9.8417,S,2.95251,14.76255,5.90502
535,0,3,female,43,1,6,46.9,S,14.07,70.35,28.14
536,1,1,male,36,0,1,512.3292,C,153.69876,768.4938,307.39752
537,1,1,male,27,0,0,76.7292,C,23.01876,115.0938,46.03752
538,0,3,male,20,0,0,9.225,S,2.7675,13.8375,5.535
539,0,3,male,14,5,2,46.9,S,14.07,70.35,28.14
540,0,2,male,60,1,1,39,S,11.7,58.5,23.4
541,0,2,male,25,1,2,41.5792,C,12.47376,62.3688,24.94752
542,0,3,male,14,4,1,39.6875,S,11.90625,59.53125,23.8125
543,0,3,male,19,0,0,10.1708,S,3.05124,15.2562,6.10248
544,0,3,male,18,0,0,7.7958,S,2.33874,11.6937,4.67748
545,1,1,female,15,0,1,211.3375,S,63.40125,317.00625,126.8025
546,1,1,male,31,1,0,57,S,17.1,85.5,34.2
547,1,3,female,4,0,1,13.4167,C,4.02501,20.12505,8.05002
548,0,3,male,25,0,0,7.225,C,2.1675,10.8375,4.335
549,0,1,male,60,0,0,26.55,S,7.965,39.825,15.93
550,0,2,male,52,0,0,13.5,S,4.05,20.25,8.1
551,0,3,male,44,0,0,8.05,S,2.415,12.075,4.83
552,0,1,male,49,1,1,110.8833,C,33.26499,166.32495,66.52998
553,0,3,male,42,0,0,7.65,S,2.295,11.475,4.59
554,1,1,female,18,1,0,227.525,C,68.2575,341.2875,136.515
555,1,1,male,35,0,0,26.2875,S,7.88625,39.43125,15.7725
556,0,3,female,18,0,1,14.4542,C,4.33626,21.6813,8.67252
557,0,3,male,25,0,0,7.7417,Q,2.32251,11.61255,4.64502
558,0,3,male,26,1,0,7.8542,S,2.35626,11.7813,4.71252
559,0,2,male,39,0,0,26,S,7.8,39,15.6
560,1,2,female,45,0,0,13.5,S,4.05,20.25,8.1
561,1,1,male,42,0,0,26.2875,S,7.88625,39.43125,15.7725
562,1,1,female,22,0,0,151.55,S,45.465,227.325,90.93
563,1,1,female,24,0,0,49.5042,C,14.85126,74.2563,29.70252
564,1,1,male,48,1,0,52,S,15.6,78,31.2
565,0,3,male,29,0,0,9.4833,S,2.84499,14.22495,5.68998
566,0,2,male,52,0,0,13,S,3.9,19.5,7.8
567,0,3,male,19,0,0,7.65,S,2.295,11.475,4.59
568,1,1,female,38,0,0,227.525,C,68.2575,341.2875,136.515
569,1,2,female,27,0,0,10.5,S,3.15,15.75,6.3
570,0,3,male,33,0,0,7.775,S,2.3325,11.6625,4.665
571,1,2,female,6,0,1,33,S,9.9,49.5,19.8
572,0,3,male,17,1,0,7.0542,S,2.11626,10.5813,4.23252
573,0,2,male,34,0,0,13,S,3.9,19.5,7.8
574,0,2,male,50,0,0,13,S,3.9,19.5,7.8
575,1,1,male,27,1,0,53.1,S,15.93,79.65,31.86
576,0,3,male,20,0,0,8.6625,S,2.59875,12.99375,5.1975
577,1,2,female,30,3,0,21,S,6.3,31.5,12.6
578,0,2,male,25,1,0,26,S,7.8,39,15.6
579,0,3,female,25,1,0,7.925,S,2.3775,11.8875,4.755
580,1,1,female,29,0,0,211.3375,S,63.40125,317.00625,126.8025
581,0,3,male,11,0,0,18.7875,C,5.63625,28.18125,11.2725
582,0,2,male,23,0,0,13,S,3.9,19.5,7.8
583,0,2,male,23,0,0,13,S,3.9,19.5,7.8
584,0,3,male,28.5,0,0,16.1,S,4.83,24.15,9.66
585,0,3,female,48,1,3,34.375,S,10.3125,51.5625,20.625
586,1,1,male,35,0,0,512.3292,C,153.69876,768.4938,307.39752
587,0,1,male,36,1,0,78.85,S,23.655,118.275,47.31
588,1,1,female,21,2,2,262.375,C,78.7125,393.5625,157.425
589,0,3,male,24,1,0,16.1,S,4.83,24.15,9.66
590,1,3,male,31,0,0,7.925,S,2.3775,11.8875,4.755
591,0,1,male,70,1,1,71,S,21.3,106.5,42.6
592,0,3,male,16,1,1,20.25,S,6.075,30.375,12.15
593,1,2,female,30,0,0,13,S,3.9,19.5,7.8
594,0,1,male,19,1,0,53.1,S,15.93,79.65,31.86
595,0,3,male,31,0,0,7.75,Q,2.325,11.625,4.65
596,1,2,female,4,1,1,23,S,6.9,34.5,13.8
597,1,3,male,6,0,1,12.475,S,3.7425,18.7125,7.485
598,0,3,male,33,0,0,9.5,S,2.85,14.25,5.7
599,0,3,male,23,0,0,7.8958,S,2.36874,11.8437,4.73748
600,1,2,female,48,1,2,65,S,19.5,97.5,39
601,1,2,male,0.67,1,1,14.5,S,4.35,21.75,8.7
602,0,3,male,28,0,0,7.7958,S,2.33874,11.6937,4.67748
603,0,2,male,18,0,0,11.5,S,3.45,17.25,6.9
604,0,3,male,34,0,0,8.05,S,2.415,12.075,4.83
605,1,1,female,33,0,0,86.5,S,25.95,129.75,51.9
606,0,3,male,41,0,0,7.125,S,2.1375,10.6875,4.275
607,1,3,male,20,0,0,7.2292,C,2.16876,10.8438,4.33752
608,1,1,female,36,1,2,120,S,36,180,72
609,0,3,male,16,0,0,7.775,S,2.3325,11.6625,4.665
610,1,1,female,51,1,0,77.9583,S,23.38749,116.93745,46.77498
611,0,3,female,30.5,0,0,7.75,Q,2.325,11.625,4.65
612,0,3,male,32,0,0,8.3625,S,2.50875,12.54375,5.0175
613,0,3,male,24,0,0,9.5,S,2.85,14.25,5.7
614,0,3,male,48,0,0,7.8542,S,2.35626,11.7813,4.71252
615,0,2,female,57,0,0,10.5,S,3.15,15.75,6.3
616,1,2,female,54,1,3,23,S,6.9,34.5,13.8
617,0,3,male,18,0,0,7.75,S,2.325,11.625,4.65
618,1,3,female,5,0,0,12.475,S,3.7425,18.7125,7.485
619,1,1,female,43,0,1,211.3375,S,63.40125,317.00625,126.8025
620,1,3,female,13,0,0,7.2292,C,2.16876,10.8438,4.33752
621,1,1,female,17,1,0,57,S,17.1,85.5,34.2
622,0,1,male,29,0,0,30,S,9,45,18
623,0,3,male,25,0,0,7.05,S,2.115,10.575,4.23
624,0,3,male,25,0,0,7.25,S,2.175,10.875,4.35
625,1,3,female,18,0,0,7.4958,S,2.24874,11.2437,4.49748
626,0,3,male,8,4,1,29.125,Q,8.7375,43.6875,17.475
627,1,3,male,1,1,2,20.575,S,6.1725,30.8625,12.345
628,0,1,male,46,0,0,79.2,C,23.76,118.8,47.52
629,0,2,male,16,0,0,26,S,7.8,39,15.6
630,0,3,male,25,0,0,7.8958,S,2.36874,11.8437,4.73748
631,0,2,male,39,0,0,13,S,3.9,19.5,7.8
632,1,1,female,49,0,0,25.9292,S,7.77876,38.8938,15.55752
633,1,3,female,31,0,0,8.6833,S,2.60499,13.02495,5.20998
634,0,3,male,30,0,0,7.2292,C,2.16876,10.8438,4.33752
635,0,3,female,30,1,1,24.15,S,7.245,36.225,14.49
636,0,2,male,34,0,0,13,S,3.9,19.5,7.8
637,1,2,female,31,1,1,26.25,S,7.875,39.375,15.75
638,1,1,male,11,1,2,120,S,36,180,72
639,1,3,male,0.42,0,1,8.5167,C,2.55501,12.77505,5.11002
640,1,3,male,27,0,0,6.975,S,2.0925,10.4625,4.185
641,0,3,male,31,0,0,7.775,S,2.3325,11.6625,4.665
642,0,1,male,39,0,0,0,S,0,0,0
643,0,3,female,18,0,0,7.775,S,2.3325,11.6625,4.665
644,0,2,male,39,0,0,13,S,3.9,19.5,7.8
645,1,1,female,33,1,0,53.1,S,15.93,79.65,31.86
646,0,3,male,26,0,0,7.8875,S,2.36625,11.83125,4.7325
647,0,3,male,39,0,0,24.15,S,7.245,36.225,14.49
648,0,2,male,35,0,0,10.5,S,3.15,15.75,6.3
649,0,3,female,6,4,2,31.275,S,9.3825,46.9125,18.765
650,0,3,male,30.5,0,0,8.05,S,2.415,12.075,4.83
651,0,3,female,23,0,0,7.925,S,2.3775,11.8875,4.755
652,0,2,male,31,1,1,37.0042,C,11.10126,55.5063,22.20252
653,0,3,male,43,0,0,6.45,S,1.935,9.675,3.87
654,0,3,male,10,3,2,27.9,S,8.37,41.85,16.74
655,1,1,female,52,1,1,93.5,S,28.05,140.25,56.1
656,1,3,male,27,0,0,8.6625,S,2.59875,12.99375,5.1975
657,0,1,male,38,0,0,0,S,0,0,0
658,1,3,female,27,0,1,12.475,S,3.7425,18.7125,7.485
659,0,3,male,2,4,1,39.6875,S,11.90625,59.53125,23.8125
660,1,2,male,1,0,2,37.0042,C,11.10126,55.5063,22.20252
661,1,3,female,15,1,0,14.4542,C,4.33626,21.6813,8.67252
662,1,2,male,0.83,1,1,18.75,S,5.625,28.125,11.25
663,0,3,male,23,0,0,7.8542,S,2.35626,11.7813,4.71252
664,0,3,male,18,0,0,8.3,S,2.49,12.45,4.98
665,1,1,female,39,1,1,83.1583,C,24.94749,124.73745,49.89498
666,0,3,male,21,0,0,8.6625,S,2.59875,12.99375,5.1975
667,1,3,male,32,0,0,56.4958,S,16.94874,84.7437,33.89748
668,0,3,male,20,0,0,7.925,S,2.3775,11.8875,4.755
669,0,2,male,16,0,0,10.5,S,3.15,15.75,6.3
670,1,1,female,30,0,0,31,C,9.3,46.5,18.6
671,0,3,male,34.5,0,0,6.4375,C,1.93125,9.65625,3.8625
672,0,3,male,17,0,0,8.6625,S,2.59875,12.99375,5.1975
673,0,3,male,42,0,0,7.55,S,2.265,11.325,4.53
674,0,3,male,35,0,0,7.8958,C,2.36874,11.8437,4.73748
675,0,2,male,28,0,1,33,S,9.9,49.5,19.8
676,0,3,male,4,4,2,31.275,S,9.3825,46.9125,18.765
677,0,3,male,74,0,0,7.775,S,2.3325,11.6625,4.665
678,0,3,female,9,1,1,15.2458,C,4.57374,22.8687,9.14748
679,1,1,female,16,0,1,39.4,S,11.82,59.1,23.64
680,0,2,female,44,1,0,26,S,7.8,39,15.6
681,1,3,female,18,0,1,9.35,S,2.805,14.025,5.61
682,1,1,female,45,1,1,164.8667,S,49.46001,247.30005,98.92002
683,1,1,male,51,0,0,26.55,S,7.965,39.825,15.93
684,1,3,female,24,0,3,19.2583,C,5.77749,28.88745,11.55498
685,0,3,male,41,2,0,14.1083,S,4.23249,21.16245,8.46498
686,0,2,male,21,1,0,11.5,S,3.45,17.25,6.9
687,1,1,female,48,0,0,25.9292,S,7.77876,38.8938,15.55752
688,0,2,male,24,0,0,13,S,3.9,19.5,7.8
689,1,2,female,42,0,0,13,S,3.9,19.5,7.8
690,1,2,female,27,1,0,13.8583,C,4.15749,20.78745,8.31498
691,0,1,male,31,0,0,50.4958,S,15.14874,75.7437,30.29748
692,1,3,male,4,1,1,11.1333,S,3.33999,16.69995,6.67998
693,0,3,male,26,0,0,7.8958,S,2.36874,11.8437,4.73748
694,1,1,female,47,1,1,52.5542,S,15.76626,78.8313,31.53252
695,0,1,male,33,0,0,5,S,1.5,7.5,3
696,0,3,male,47,0,0,9,S,2.7,13.5,5.4
697,1,2,female,28,1,0,24,C,7.2,36,14.4
698,1,3,female,15,0,0,7.225,C,2.1675,10.8375,4.335
699,0,3,male,20,0,0,9.8458,S,2.95374,14.7687,5.90748
700,0,3,male,19,0,0,7.8958,S,2.36874,11.8437,4.73748
701,1,1,female,56,0,1,83.1583,C,24.94749,124.73745,49.89498
702,1,2,female,25,0,1,26,S,7.8,39,15.6
703,0,3,male,33,0,0,7.8958,S,2.36874,11.8437,4.73748
704,0,3,female,22,0,0,10.5167,S,3.15501,15.77505,6.31002
705,0,2,male,28,0,0,10.5,S,3.15,15.75,6.3
706,0,3,male,25,0,0,7.05,S,2.115,10.575,4.23
707,0,3,female,39,0,5,29.125,Q,8.7375,43.6875,17.475
708,0,2,male,27,0,0,13,S,3.9,19.5,7.8
709,1,1,female,19,0,0,30,S,9,45,18
710,1,1,male,26,0,0,30,C,9,45,18
711,0,3,male,32,0,0,7.75,Q,2.325,11.625,4.65
